-- MySQL dump 10.13  Distrib 8.0.23, for Win64 (x86_64)
--
-- Host: localhost    Database: yosh_dasturchilar
-- ------------------------------------------------------
-- Server version	8.0.23

/*!40101 SET @OLD_CHARACTER_SET_CLIENT=@@CHARACTER_SET_CLIENT */;
/*!40101 SET @OLD_CHARACTER_SET_RESULTS=@@CHARACTER_SET_RESULTS */;
/*!40101 SET @OLD_COLLATION_CONNECTION=@@COLLATION_CONNECTION */;
/*!50503 SET NAMES utf8mb4 */;
/*!40103 SET @OLD_TIME_ZONE=@@TIME_ZONE */;
/*!40103 SET TIME_ZONE='+00:00' */;
/*!40014 SET @OLD_UNIQUE_CHECKS=@@UNIQUE_CHECKS, UNIQUE_CHECKS=0 */;
/*!40014 SET @OLD_FOREIGN_KEY_CHECKS=@@FOREIGN_KEY_CHECKS, FOREIGN_KEY_CHECKS=0 */;
/*!40101 SET @OLD_SQL_MODE=@@SQL_MODE, SQL_MODE='NO_AUTO_VALUE_ON_ZERO' */;
/*!40111 SET @OLD_SQL_NOTES=@@SQL_NOTES, SQL_NOTES=0 */;

--
-- Table structure for table `categories`
--

DROP TABLE IF EXISTS `categories`;
/*!40101 SET @saved_cs_client     = @@character_set_client */;
/*!50503 SET character_set_client = utf8mb4 */;
CREATE TABLE `categories` (
  `id` bigint unsigned NOT NULL AUTO_INCREMENT,
  `user_id` bigint unsigned NOT NULL,
  `thumbnail` varchar(255) CHARACTER SET utf8mb4 COLLATE utf8mb4_unicode_ci DEFAULT NULL,
  `name` varchar(255) CHARACTER SET utf8mb4 COLLATE utf8mb4_unicode_ci NOT NULL,
  `slug` varchar(255) CHARACTER SET utf8mb4 COLLATE utf8mb4_unicode_ci NOT NULL,
  `is_published` enum('1','0') CHARACTER SET utf8mb4 COLLATE utf8mb4_unicode_ci NOT NULL,
  `created_at` timestamp NULL DEFAULT NULL,
  `updated_at` timestamp NULL DEFAULT NULL,
  PRIMARY KEY (`id`),
  UNIQUE KEY `categories_name_unique` (`name`),
  UNIQUE KEY `categories_slug_unique` (`slug`),
  KEY `categories_user_id_foreign` (`user_id`),
  CONSTRAINT `categories_user_id_foreign` FOREIGN KEY (`user_id`) REFERENCES `users` (`id`) ON DELETE CASCADE
) ENGINE=InnoDB AUTO_INCREMENT=11 DEFAULT CHARSET=utf8mb4 COLLATE=utf8mb4_unicode_ci;
/*!40101 SET character_set_client = @saved_cs_client */;

--
-- Dumping data for table `categories`
--

LOCK TABLES `categories` WRITE;
/*!40000 ALTER TABLE `categories` DISABLE KEYS */;
INSERT INTO `categories` VALUES (1,1,NULL,'Laravel','laravel','1','2020-12-02 05:07:31','2020-12-02 05:07:31'),(2,1,NULL,'Python','python','1','2020-12-02 05:07:31','2020-12-02 05:07:31'),(3,1,NULL,'WordPress','wordpress','0','2020-12-02 05:07:31','2020-12-02 05:07:31'),(4,1,NULL,'JavaScript','javascript','1','2020-12-02 05:07:31','2020-12-02 05:07:31'),(10,1,'html','HTML','html','1','2020-12-04 04:34:58','2020-12-04 04:37:07');
/*!40000 ALTER TABLE `categories` ENABLE KEYS */;
UNLOCK TABLES;

--
-- Table structure for table `category_posts`
--

DROP TABLE IF EXISTS `category_posts`;
/*!40101 SET @saved_cs_client     = @@character_set_client */;
/*!50503 SET character_set_client = utf8mb4 */;
CREATE TABLE `category_posts` (
  `id` bigint unsigned NOT NULL AUTO_INCREMENT,
  `category_id` bigint unsigned NOT NULL,
  `post_id` bigint unsigned NOT NULL,
  `created_at` timestamp NULL DEFAULT NULL,
  `updated_at` timestamp NULL DEFAULT NULL,
  PRIMARY KEY (`id`),
  KEY `category_posts_category_id_foreign` (`category_id`),
  KEY `category_posts_post_id_foreign` (`post_id`),
  CONSTRAINT `category_posts_category_id_foreign` FOREIGN KEY (`category_id`) REFERENCES `categories` (`id`) ON DELETE CASCADE,
  CONSTRAINT `category_posts_post_id_foreign` FOREIGN KEY (`post_id`) REFERENCES `posts` (`id`) ON DELETE CASCADE
) ENGINE=InnoDB AUTO_INCREMENT=113 DEFAULT CHARSET=utf8mb4 COLLATE=utf8mb4_unicode_ci;
/*!40101 SET character_set_client = @saved_cs_client */;

--
-- Dumping data for table `category_posts`
--

LOCK TABLES `category_posts` WRITE;
/*!40000 ALTER TABLE `category_posts` DISABLE KEYS */;
INSERT INTO `category_posts` VALUES (1,1,49,'2020-12-02 05:08:47','2020-12-02 05:08:47'),(2,2,23,'2020-12-02 05:08:47','2020-12-02 05:08:47'),(3,4,27,'2020-12-02 05:08:47','2020-12-02 05:08:47'),(4,4,9,'2020-12-02 05:08:47','2020-12-02 05:08:47'),(7,4,60,'2020-12-02 05:08:47','2020-12-02 05:08:47'),(8,4,24,'2020-12-02 05:08:47','2020-12-02 05:08:47'),(11,2,17,'2020-12-02 05:08:47','2020-12-02 05:08:47'),(13,3,38,'2020-12-02 05:08:47','2020-12-02 05:08:47'),(14,3,85,'2020-12-02 05:08:47','2020-12-02 05:08:47'),(15,4,24,'2020-12-02 05:08:47','2020-12-02 05:08:47'),(16,2,42,'2020-12-02 05:08:47','2020-12-02 05:08:47'),(17,1,38,'2020-12-02 05:08:47','2020-12-02 05:08:47'),(19,1,28,'2020-12-02 05:08:47','2020-12-02 05:08:47'),(20,1,94,'2020-12-02 05:08:47','2020-12-02 05:08:47'),(21,1,81,'2020-12-02 05:08:47','2020-12-02 05:08:47'),(22,4,80,'2020-12-02 05:08:47','2020-12-02 05:08:47'),(23,4,99,'2020-12-02 05:08:47','2020-12-02 05:08:47'),(24,1,31,'2020-12-02 05:08:47','2020-12-02 05:08:47'),(25,4,56,'2020-12-02 05:08:47','2020-12-02 05:08:47'),(26,3,56,'2020-12-02 05:08:47','2020-12-02 05:08:47'),(27,4,74,'2020-12-02 05:08:47','2020-12-02 05:08:47'),(28,3,11,'2020-12-02 05:08:47','2020-12-02 05:08:47'),(30,2,99,'2020-12-02 05:08:47','2020-12-02 05:08:47'),(31,3,33,'2020-12-02 05:08:47','2020-12-02 05:08:47'),(32,1,79,'2020-12-02 05:08:47','2020-12-02 05:08:47'),(33,3,27,'2020-12-02 05:08:47','2020-12-02 05:08:47'),(34,2,78,'2020-12-02 05:08:47','2020-12-02 05:08:47'),(35,1,50,'2020-12-02 05:08:47','2020-12-02 05:08:47'),(36,3,30,'2020-12-02 05:08:47','2020-12-02 05:08:47'),(38,3,51,'2020-12-02 05:08:47','2020-12-02 05:08:47'),(39,1,78,'2020-12-02 05:08:47','2020-12-02 05:08:47'),(40,1,21,'2020-12-02 05:08:47','2020-12-02 05:08:47'),(41,4,77,'2020-12-02 05:08:47','2020-12-02 05:08:47'),(42,1,41,'2020-12-02 05:08:47','2020-12-02 05:08:47'),(45,1,37,'2020-12-02 05:08:47','2020-12-02 05:08:47'),(46,4,53,'2020-12-02 05:08:47','2020-12-02 05:08:47'),(47,4,77,'2020-12-02 05:08:47','2020-12-02 05:08:47'),(48,1,92,'2020-12-02 05:08:47','2020-12-02 05:08:47'),(49,1,24,'2020-12-02 05:08:47','2020-12-02 05:08:47'),(51,4,18,'2020-12-02 05:08:47','2020-12-02 05:08:47'),(52,4,19,'2020-12-02 05:08:47','2020-12-02 05:08:47'),(53,3,54,'2020-12-02 05:08:47','2020-12-02 05:08:47'),(55,3,16,'2020-12-02 05:08:47','2020-12-02 05:08:47'),(56,2,60,'2020-12-02 05:08:47','2020-12-02 05:08:47'),(57,2,67,'2020-12-02 05:08:47','2020-12-02 05:08:47'),(58,3,29,'2020-12-02 05:08:47','2020-12-02 05:08:47'),(59,1,47,'2020-12-02 05:08:47','2020-12-02 05:08:47'),(61,1,79,'2020-12-02 05:08:47','2020-12-02 05:08:47'),(62,3,47,'2020-12-02 05:08:47','2020-12-02 05:08:47'),(63,1,73,'2020-12-02 05:08:47','2020-12-02 05:08:47'),(64,4,1,'2020-12-02 05:08:47','2020-12-02 05:08:47'),(65,2,82,'2020-12-02 05:08:47','2020-12-02 05:08:47'),(66,4,42,'2020-12-02 05:08:47','2020-12-02 05:08:47'),(67,3,41,'2020-12-02 05:08:47','2020-12-02 05:08:47'),(68,1,68,'2020-12-02 05:08:47','2020-12-02 05:08:47'),(69,1,57,'2020-12-02 05:08:47','2020-12-02 05:08:47'),(71,4,42,'2020-12-02 05:08:47','2020-12-02 05:08:47'),(72,3,45,'2020-12-02 05:08:47','2020-12-02 05:08:47'),(73,1,45,'2020-12-02 05:08:47','2020-12-02 05:08:47'),(74,3,51,'2020-12-02 05:08:47','2020-12-02 05:08:47'),(76,3,77,'2020-12-02 05:08:47','2020-12-02 05:08:47'),(77,3,56,'2020-12-02 05:08:47','2020-12-02 05:08:47'),(78,1,11,'2020-12-02 05:08:47','2020-12-02 05:08:47'),(79,4,76,'2020-12-02 05:08:47','2020-12-02 05:08:47'),(81,3,42,'2020-12-02 05:08:47','2020-12-02 05:08:47'),(82,4,95,'2020-12-02 05:08:47','2020-12-02 05:08:47'),(83,3,73,'2020-12-02 05:08:47','2020-12-02 05:08:47'),(84,1,93,'2020-12-02 05:08:47','2020-12-02 05:08:47'),(85,4,6,'2020-12-02 05:08:47','2020-12-02 05:08:47'),(86,3,56,'2020-12-02 05:08:47','2020-12-02 05:08:47'),(87,2,74,'2020-12-02 05:08:47','2020-12-02 05:08:47'),(89,2,13,'2020-12-02 05:08:47','2020-12-02 05:08:47'),(90,2,97,'2020-12-02 05:08:47','2020-12-02 05:08:47'),(91,2,87,'2020-12-02 05:08:47','2020-12-02 05:08:47'),(92,1,80,'2020-12-02 05:08:47','2020-12-02 05:08:47'),(93,3,54,'2020-12-02 05:08:47','2020-12-02 05:08:47'),(94,2,51,'2020-12-02 05:08:47','2020-12-02 05:08:47'),(96,1,77,'2020-12-02 05:08:47','2020-12-02 05:08:47'),(97,3,92,'2020-12-02 05:08:47','2020-12-02 05:08:47'),(99,3,100,'2020-12-02 05:08:47','2020-12-02 05:08:47'),(100,3,5,'2020-12-02 05:08:47','2020-12-02 05:08:47'),(102,10,101,NULL,NULL),(103,4,101,NULL,NULL),(105,10,102,NULL,NULL),(106,1,102,NULL,NULL),(109,4,104,NULL,NULL),(110,2,104,NULL,NULL),(111,2,110,NULL,NULL),(112,1,111,NULL,NULL);
/*!40000 ALTER TABLE `category_posts` ENABLE KEYS */;
UNLOCK TABLES;

--
-- Table structure for table `failed_jobs`
--

DROP TABLE IF EXISTS `failed_jobs`;
/*!40101 SET @saved_cs_client     = @@character_set_client */;
/*!50503 SET character_set_client = utf8mb4 */;
CREATE TABLE `failed_jobs` (
  `id` bigint unsigned NOT NULL AUTO_INCREMENT,
  `connection` text CHARACTER SET utf8mb4 COLLATE utf8mb4_unicode_ci NOT NULL,
  `queue` text CHARACTER SET utf8mb4 COLLATE utf8mb4_unicode_ci NOT NULL,
  `payload` longtext CHARACTER SET utf8mb4 COLLATE utf8mb4_unicode_ci NOT NULL,
  `exception` longtext CHARACTER SET utf8mb4 COLLATE utf8mb4_unicode_ci NOT NULL,
  `failed_at` timestamp NOT NULL DEFAULT CURRENT_TIMESTAMP,
  PRIMARY KEY (`id`)
) ENGINE=InnoDB DEFAULT CHARSET=utf8mb4 COLLATE=utf8mb4_unicode_ci;
/*!40101 SET character_set_client = @saved_cs_client */;

--
-- Dumping data for table `failed_jobs`
--

LOCK TABLES `failed_jobs` WRITE;
/*!40000 ALTER TABLE `failed_jobs` DISABLE KEYS */;
/*!40000 ALTER TABLE `failed_jobs` ENABLE KEYS */;
UNLOCK TABLES;

--
-- Table structure for table `galleries`
--

DROP TABLE IF EXISTS `galleries`;
/*!40101 SET @saved_cs_client     = @@character_set_client */;
/*!50503 SET character_set_client = utf8mb4 */;
CREATE TABLE `galleries` (
  `id` bigint unsigned NOT NULL AUTO_INCREMENT,
  `user_id` bigint unsigned NOT NULL,
  `image_url` varchar(255) CHARACTER SET utf8mb4 COLLATE utf8mb4_unicode_ci NOT NULL,
  `created_at` timestamp NULL DEFAULT NULL,
  `updated_at` timestamp NULL DEFAULT NULL,
  PRIMARY KEY (`id`),
  KEY `galleries_user_id_foreign` (`user_id`),
  CONSTRAINT `galleries_user_id_foreign` FOREIGN KEY (`user_id`) REFERENCES `users` (`id`) ON DELETE CASCADE
) ENGINE=InnoDB AUTO_INCREMENT=11 DEFAULT CHARSET=utf8mb4 COLLATE=utf8mb4_unicode_ci;
/*!40101 SET character_set_client = @saved_cs_client */;

--
-- Dumping data for table `galleries`
--

LOCK TABLES `galleries` WRITE;
/*!40000 ALTER TABLE `galleries` DISABLE KEYS */;
INSERT INTO `galleries` VALUES (6,1,'2020-10-12_11-12_Laravel vue seo friendly_1607229018.jpg','2020-12-05 23:30:18','2020-12-05 23:30:18'),(7,1,'2020-10-26_15-55_Introduction to vuex in(2)_1607229018.jpg','2020-12-05 23:30:18','2020-12-05 23:30:18'),(8,1,'2020-10-26_15-55_Introduction to vuex in_1607229018.jpg','2020-12-05 23:30:18','2020-12-05 23:30:18'),(9,1,'2020-10-26_15-56_Introduction to vuex in_1607229018.jpg','2020-12-05 23:30:18','2020-12-05 23:30:18'),(10,1,'2020-10-26_16-28_Introduction to vuex in_1607229018.jpg','2020-12-05 23:30:18','2020-12-05 23:30:18');
/*!40000 ALTER TABLE `galleries` ENABLE KEYS */;
UNLOCK TABLES;

--
-- Table structure for table `migrations`
--

DROP TABLE IF EXISTS `migrations`;
/*!40101 SET @saved_cs_client     = @@character_set_client */;
/*!50503 SET character_set_client = utf8mb4 */;
CREATE TABLE `migrations` (
  `id` int unsigned NOT NULL AUTO_INCREMENT,
  `migration` varchar(255) CHARACTER SET utf8mb4 COLLATE utf8mb4_unicode_ci NOT NULL,
  `batch` int NOT NULL,
  PRIMARY KEY (`id`)
) ENGINE=InnoDB AUTO_INCREMENT=43 DEFAULT CHARSET=utf8mb4 COLLATE=utf8mb4_unicode_ci;
/*!40101 SET character_set_client = @saved_cs_client */;

--
-- Dumping data for table `migrations`
--

LOCK TABLES `migrations` WRITE;
/*!40000 ALTER TABLE `migrations` DISABLE KEYS */;
INSERT INTO `migrations` VALUES (36,'2014_10_12_000000_create_users_table',1),(37,'2014_10_12_100000_create_password_resets_table',1),(38,'2019_08_19_000000_create_failed_jobs_table',1),(39,'2020_12_01_062331_create_categories_table',1),(40,'2020_12_01_062358_create_posts_table',1),(41,'2020_12_01_062432_create_galleries_table',1),(42,'2020_12_01_062504_create_category_posts_table',1);
/*!40000 ALTER TABLE `migrations` ENABLE KEYS */;
UNLOCK TABLES;

--
-- Table structure for table `password_resets`
--

DROP TABLE IF EXISTS `password_resets`;
/*!40101 SET @saved_cs_client     = @@character_set_client */;
/*!50503 SET character_set_client = utf8mb4 */;
CREATE TABLE `password_resets` (
  `email` varchar(255) CHARACTER SET utf8mb4 COLLATE utf8mb4_unicode_ci NOT NULL,
  `token` varchar(255) CHARACTER SET utf8mb4 COLLATE utf8mb4_unicode_ci NOT NULL,
  `created_at` timestamp NULL DEFAULT NULL,
  KEY `password_resets_email_index` (`email`)
) ENGINE=InnoDB DEFAULT CHARSET=utf8mb4 COLLATE=utf8mb4_unicode_ci;
/*!40101 SET character_set_client = @saved_cs_client */;

--
-- Dumping data for table `password_resets`
--

LOCK TABLES `password_resets` WRITE;
/*!40000 ALTER TABLE `password_resets` DISABLE KEYS */;
/*!40000 ALTER TABLE `password_resets` ENABLE KEYS */;
UNLOCK TABLES;

--
-- Table structure for table `posts`
--

DROP TABLE IF EXISTS `posts`;
/*!40101 SET @saved_cs_client     = @@character_set_client */;
/*!50503 SET character_set_client = utf8mb4 */;
CREATE TABLE `posts` (
  `id` bigint unsigned NOT NULL AUTO_INCREMENT,
  `user_id` bigint unsigned NOT NULL,
  `thumbnail` varchar(255) CHARACTER SET utf8mb4 COLLATE utf8mb4_unicode_ci DEFAULT NULL,
  `title` varchar(255) CHARACTER SET utf8mb4 COLLATE utf8mb4_unicode_ci NOT NULL,
  `slug` varchar(255) CHARACTER SET utf8mb4 COLLATE utf8mb4_unicode_ci NOT NULL,
  `sub_title` varchar(255) CHARACTER SET utf8mb4 COLLATE utf8mb4_unicode_ci DEFAULT NULL,
  `details` text CHARACTER SET utf8mb4 COLLATE utf8mb4_unicode_ci NOT NULL,
  `post_type` varchar(255) CHARACTER SET utf8mb4 COLLATE utf8mb4_unicode_ci DEFAULT NULL,
  `is_published` enum('1','0') CHARACTER SET utf8mb4 COLLATE utf8mb4_unicode_ci NOT NULL,
  `created_at` timestamp NULL DEFAULT NULL,
  `updated_at` timestamp NULL DEFAULT NULL,
  PRIMARY KEY (`id`),
  UNIQUE KEY `posts_title_unique` (`title`),
  UNIQUE KEY `posts_slug_unique` (`slug`),
  KEY `posts_user_id_foreign` (`user_id`),
  CONSTRAINT `posts_user_id_foreign` FOREIGN KEY (`user_id`) REFERENCES `users` (`id`) ON DELETE CASCADE
) ENGINE=InnoDB AUTO_INCREMENT=112 DEFAULT CHARSET=utf8mb4 COLLATE=utf8mb4_unicode_ci;
/*!40101 SET character_set_client = @saved_cs_client */;

--
-- Dumping data for table `posts`
--

LOCK TABLES `posts` WRITE;
/*!40000 ALTER TABLE `posts` DISABLE KEYS */;
INSERT INTO `posts` VALUES (1,1,NULL,'Repellendus nihil ipsam autem nam quos nemo asperiores et.','repellendus-nihil-ipsam-autem-nam-quos-nemo-asperiores-et','Tempora nemo dolorem aut qui nostrum.','Et voluptas optio quod placeat. Facere necessitatibus minus unde porro. Libero et nemo inventore.','post','0','2020-12-02 05:04:53','2020-12-02 05:04:53'),(2,5,NULL,'Autem et libero eius at qui aut laudantium.','autem-et-libero-eius-at-qui-aut-laudantium','Odit eum aut voluptatem.','Dicta tempore maiores suscipit ullam temporibus ut pariatur. Quibusdam enim tempore itaque doloremque aliquid voluptatibus. Saepe autem qui quo ducimus qui quasi sed. Autem voluptatem numquam cupiditate optio.','post','0','2020-12-02 05:04:53','2020-12-02 05:04:53'),(3,2,NULL,'Dicta alias animi ea et ipsa voluptas.','dicta-alias-animi-ea-et-ipsa-voluptas','Ullam perferendis voluptatem nisi neque ut voluptatem et.','Quod at nesciunt amet molestiae sit. Eaque quas ipsa eaque nostrum eligendi quia. Fuga aspernatur maiores et officia assumenda accusantium earum et. Tenetur praesentium non sit non doloribus incidunt dicta. Velit quis excepturi nulla in debitis officiis voluptate facere.','post','1','2020-12-02 05:04:53','2020-12-02 05:04:53'),(4,5,NULL,'Fugit et totam et quia aut qui accusantium.','fugit-et-totam-et-quia-aut-qui-accusantium','Dolorem sit ut beatae eos.','Non est voluptatem velit beatae expedita aspernatur. Eum officia dolore et. Voluptatem est sed odio aut recusandae iste.','post','1','2020-12-02 05:04:53','2020-12-02 05:04:53'),(5,3,NULL,'Aut neque quas qui maiores corrupti illum minima.','aut-neque-quas-qui-maiores-corrupti-illum-minima','Natus eos labore facilis molestiae.','Optio enim et qui odit rerum voluptas maxime laborum. Sed architecto sequi sed perferendis aut. Asperiores nihil vel ipsum perspiciatis quia nihil. Voluptatem rerum quo dolorem. Minus vero pariatur in error.','post','1','2020-12-02 05:04:53','2020-12-02 05:04:53'),(6,3,NULL,'Natus aut qui similique quod et ut.','natus-aut-qui-similique-quod-et-ut','Omnis aut rerum dolores quo aut ut ipsum quasi.','Et cum cumque odit odit voluptas. Ipsa quos voluptate inventore ut eius qui sequi. In suscipit a culpa et quisquam. Hic est perferendis tempore eos corrupti quo consequuntur mollitia.','post','1','2020-12-02 05:04:53','2020-12-02 05:04:53'),(7,1,NULL,'Saepe illum perferendis aspernatur iure veritatis ipsum delectus veritatis.','saepe-illum-perferendis-aspernatur-iure-veritatis-ipsum-delectus-veritatis','Nemo quis id explicabo officia blanditiis aut.','Incidunt tempore enim sit rem voluptatibus. Tempora velit impedit tempore sunt aut qui. Voluptatem dolores autem architecto eum et commodi tempora.','post','0','2020-12-02 05:04:53','2020-12-02 05:04:53'),(8,3,NULL,'Exercitationem incidunt autem vitae eveniet assumenda vel.','exercitationem-incidunt-autem-vitae-eveniet-assumenda-vel','Nihil possimus natus est qui.','Nisi ut qui enim. Molestias sunt odio dicta deserunt ut ipsam excepturi. Suscipit aut saepe accusantium laudantium et.','post','0','2020-12-02 05:04:53','2020-12-02 05:04:53'),(9,5,NULL,'Consequatur dolore odio enim mollitia magni.','consequatur-dolore-odio-enim-mollitia-magni','Et quae rerum voluptas voluptatem expedita.','Omnis cum ea quae aspernatur minima non. Dolorem ut cumque quibusdam omnis ex numquam et. Est delectus voluptas quia sint ut qui placeat.','post','0','2020-12-02 05:04:53','2020-12-02 05:04:53'),(10,5,NULL,'Est fuga minima quia et.','est-fuga-minima-quia-et','In distinctio occaecati molestiae ut quibusdam delectus porro.','Est fugiat et sunt suscipit et odio. Incidunt facilis consectetur consectetur qui soluta reprehenderit est. In officiis vel necessitatibus eaque inventore. Non placeat dolorum et.','post','0','2020-12-02 05:04:53','2020-12-02 05:04:53'),(11,3,NULL,'Debitis molestiae dolores molestiae ea.','debitis-molestiae-dolores-molestiae-ea','Aperiam vel sit non non et.','Et et a non doloremque itaque animi ratione optio. Aut asperiores nulla dignissimos temporibus non. Molestias corrupti consequatur dolores voluptatem accusamus exercitationem et.','post','0','2020-12-02 05:04:53','2020-12-02 05:04:53'),(12,3,NULL,'Tempore et expedita cumque maiores earum.','tempore-et-expedita-cumque-maiores-earum','Placeat dolorem corrupti temporibus illum.','Repellat vitae dolores voluptatem quo sit corporis optio. Similique consectetur ipsum ipsa aspernatur modi. Laborum cupiditate qui dolorum ut laborum.','post','1','2020-12-02 05:04:53','2020-12-02 05:04:53'),(13,4,NULL,'Iste quae ut voluptatem exercitationem nulla at ducimus.','iste-quae-ut-voluptatem-exercitationem-nulla-at-ducimus','Voluptas voluptatibus est temporibus aut et est maiores.','Sunt et unde ullam doloribus. Eos magnam quos aperiam facere. Perspiciatis voluptas dolor reiciendis enim aut doloremque.','post','0','2020-12-02 05:04:53','2020-12-02 05:04:53'),(14,4,NULL,'In suscipit in dolores quidem sint in.','in-suscipit-in-dolores-quidem-sint-in','Laboriosam laudantium dicta nobis mollitia impedit omnis.','Quas omnis laboriosam consectetur non veritatis ipsa. Amet similique facilis error perferendis deserunt qui. Inventore modi cumque deleniti quas dolorem. Labore cumque adipisci rerum aspernatur.','post','1','2020-12-02 05:04:53','2020-12-02 05:04:53'),(15,1,NULL,'Accusantium libero ut nam ut iure magnam.','accusantium-libero-ut-nam-ut-iure-magnam','Dolor commodi autem corrupti et.','Facere minus eveniet officia vitae unde vel. Molestiae animi autem sunt quod inventore. Necessitatibus nemo consequatur assumenda dolores.','post','0','2020-12-02 05:04:53','2020-12-02 05:04:53'),(16,3,NULL,'Ex quidem ea aut enim assumenda quibusdam.','ex-quidem-ea-aut-enim-assumenda-quibusdam','A eum natus quisquam voluptatem rerum quas tempore.','Ratione nihil cum iste illum nostrum. Qui quasi mollitia expedita dicta et. Debitis unde et est hic quo eum.','post','1','2020-12-02 05:04:53','2020-12-02 05:04:53'),(17,2,NULL,'Tempore saepe corporis veritatis explicabo doloribus.','tempore-saepe-corporis-veritatis-explicabo-doloribus','Perferendis voluptatem voluptate eveniet iste.','Deleniti dignissimos et in earum quos pariatur. Deleniti rerum ipsam ducimus omnis ex et. Aliquam provident quia est. Et et quod fugit et quia dicta nulla.','post','0','2020-12-02 05:04:53','2020-12-02 05:04:53'),(18,5,NULL,'Est accusamus corrupti ut eveniet.','est-accusamus-corrupti-ut-eveniet','Quia perspiciatis quis repellat autem iusto.','Repellendus laborum laborum corporis recusandae nobis atque. Placeat sequi rerum dolores quam velit quo labore nulla. Error non iste iste praesentium. Ea dolorum enim dolore et molestiae eos.','post','0','2020-12-02 05:04:53','2020-12-02 05:04:53'),(19,1,NULL,'Ratione porro qui inventore perferendis recusandae ea veniam.','ratione-porro-qui-inventore-perferendis-recusandae-ea-veniam','Dolor nisi vel voluptatum illo facilis voluptatum.','Totam qui accusantium est ut sit quam vel. Repellat deleniti alias dicta nobis repudiandae mollitia. Sed cupiditate dolorem velit ut fuga necessitatibus. Pariatur ut dolor est possimus dolores.','post','0','2020-12-02 05:04:53','2020-12-02 05:04:53'),(20,5,NULL,'Et nemo tenetur aut et.','et-nemo-tenetur-aut-et','Eum perspiciatis dolorem reiciendis aspernatur.','Minima voluptatum fugiat dolor labore facere ratione. Recusandae et voluptatum beatae. Vero qui sed doloremque rerum fuga est incidunt et.','post','0','2020-12-02 05:04:53','2020-12-02 05:04:53'),(21,3,NULL,'Qui aut qui rerum rerum perferendis et omnis corrupti.','qui-aut-qui-rerum-rerum-perferendis-et-omnis-corrupti','Eius vel dignissimos optio deserunt quam.','Soluta odit facilis natus ab sint temporibus tempora sed. Esse nam doloremque explicabo vel. Exercitationem est saepe aut et ex. Mollitia ipsa doloribus sed inventore inventore.','post','1','2020-12-02 05:04:53','2020-12-02 05:04:53'),(22,2,NULL,'Quisquam ipsum velit saepe nemo est autem rerum.','quisquam-ipsum-velit-saepe-nemo-est-autem-rerum','Delectus repudiandae qui veniam architecto voluptas accusantium maiores ut.','Ut sapiente aut suscipit officiis magnam dolores. Accusantium ut commodi et natus consequuntur facere esse. Adipisci asperiores aut qui iure.','post','0','2020-12-02 05:04:53','2020-12-02 05:04:53'),(23,1,NULL,'Molestiae quaerat provident nam facere praesentium.','molestiae-quaerat-provident-nam-facere-praesentium','Maiores consectetur molestiae quisquam quidem sit necessitatibus.','Impedit consequatur voluptatem magnam autem sunt vel consequatur. Sunt et inventore ad voluptatem ipsa perferendis. Est qui maxime accusantium sed aperiam et natus. Quae accusantium id omnis voluptas est.','post','1','2020-12-02 05:04:53','2020-12-02 05:04:53'),(24,3,NULL,'Officiis cum voluptatem qui quasi officiis et.','officiis-cum-voluptatem-qui-quasi-officiis-et','Quas saepe architecto quaerat et totam dolores illum aut.','Et laudantium et deleniti aut. Reiciendis repudiandae quia quo consequuntur neque pariatur saepe sunt. Vitae omnis voluptas ipsum aut dignissimos. Fuga ut non nemo corporis.','post','0','2020-12-02 05:04:53','2020-12-02 05:04:53'),(25,3,NULL,'Est dolores eum laudantium placeat quia.','est-dolores-eum-laudantium-placeat-quia','Voluptatem aperiam voluptas nam.','Impedit qui modi voluptas deserunt adipisci vel rem. Ratione facere illo illo laudantium excepturi alias. At animi labore dolorem ullam. Et hic illum reprehenderit.','post','1','2020-12-02 05:04:53','2020-12-02 05:04:53'),(26,2,NULL,'Aut voluptatem itaque et dolor consequuntur nostrum quam.','aut-voluptatem-itaque-et-dolor-consequuntur-nostrum-quam','Aperiam tenetur qui culpa optio velit non.','Ut sint libero voluptatem aut perspiciatis minima. Consequatur consequatur est repudiandae voluptas velit maxime consequuntur. Et ab provident eos atque deleniti fugiat. Ipsum sit est provident quo enim iste.','post','1','2020-12-02 05:04:53','2020-12-02 05:04:53'),(27,3,NULL,'Aliquid autem perspiciatis sunt eligendi praesentium.','aliquid-autem-perspiciatis-sunt-eligendi-praesentium','Iste quasi aperiam aut quia impedit.','Ut quaerat vitae sunt doloremque eos quia. Odit doloribus id non eum omnis dolorem fugit. A rem autem animi vero non cupiditate. Tempore omnis laudantium a impedit voluptatem et.','post','1','2020-12-02 05:04:53','2020-12-02 05:04:53'),(28,4,NULL,'Voluptatem rem aliquid saepe necessitatibus consequatur sit.','voluptatem-rem-aliquid-saepe-necessitatibus-consequatur-sit','Eius officiis ipsum molestiae.','Asperiores et voluptas et quaerat consequatur nostrum ut. Beatae porro corporis ut reprehenderit consectetur veritatis. Illum asperiores et et.','post','0','2020-12-02 05:04:53','2020-12-02 05:04:53'),(29,5,NULL,'Quos magnam velit commodi eius accusantium enim ipsum.','quos-magnam-velit-commodi-eius-accusantium-enim-ipsum','Quisquam quo numquam velit.','Ut nesciunt et qui dolor fugit tenetur. Quas ut quia aspernatur fugiat. Tempore ducimus maiores commodi magnam labore. Ut saepe corrupti et nesciunt.','post','0','2020-12-02 05:04:53','2020-12-02 05:04:53'),(30,1,NULL,'Quo dignissimos dolores nobis et assumenda perspiciatis.','quo-dignissimos-dolores-nobis-et-assumenda-perspiciatis','Voluptas amet voluptatem et tempore dicta.','Molestiae quia ipsam quia sapiente et commodi. Expedita autem commodi inventore quibusdam. Enim dolor nobis recusandae est ea. Ipsum ipsa soluta praesentium officia et.','post','0','2020-12-02 05:04:53','2020-12-02 05:04:53'),(31,2,NULL,'Ipsum sapiente ut aut quia eius neque neque.','ipsum-sapiente-ut-aut-quia-eius-neque-neque','Nesciunt quasi et reprehenderit.','Ipsa nam quibusdam illo aut porro aut. Quos necessitatibus dolor minus quaerat molestiae vitae qui. Quod ut doloremque quaerat ea. Est aut et quidem est cupiditate natus rerum.','post','1','2020-12-02 05:04:53','2020-12-02 05:04:53'),(32,3,NULL,'Maiores odit et ea dolores cumque eum.','maiores-odit-et-ea-dolores-cumque-eum','Assumenda ab cumque illum iste officia deleniti maiores.','Ipsa consectetur harum possimus placeat error beatae saepe. Iure non sed aut ut nobis. Facere laudantium et molestias occaecati reiciendis rem alias asperiores. Ut amet tenetur sunt dolore.','post','1','2020-12-02 05:04:53','2020-12-02 05:04:53'),(33,4,NULL,'Repellat ut quam sint molestiae.','repellat-ut-quam-sint-molestiae','Mollitia rerum atque doloremque sed enim aspernatur unde.','Nesciunt voluptatem soluta distinctio et mollitia. Assumenda voluptatum modi et molestiae et esse. Omnis delectus sit aut odio rerum odit. Non quam qui expedita aliquam dolor.','post','0','2020-12-02 05:04:53','2020-12-02 05:04:53'),(34,2,NULL,'Repudiandae beatae similique commodi omnis commodi voluptas molestias.','repudiandae-beatae-similique-commodi-omnis-commodi-voluptas-molestias','Commodi eos et ut ducimus consectetur.','Error quidem quae dolor cupiditate. Omnis assumenda vel rem quos et quo nostrum. Est sed iste vitae. Velit omnis est aut commodi officia sit quas.','post','0','2020-12-02 05:04:53','2020-12-02 05:04:53'),(35,3,NULL,'Ullam incidunt numquam fugiat molestiae porro et explicabo a.','ullam-incidunt-numquam-fugiat-molestiae-porro-et-explicabo-a','Alias minus rem et porro voluptas eos cum.','Quas modi et perspiciatis dolore. Dicta error in dignissimos architecto quo. Quod et saepe sunt.','post','1','2020-12-02 05:04:53','2020-12-02 05:04:53'),(36,1,NULL,'Odio aperiam voluptas accusantium non.','odio-aperiam-voluptas-accusantium-non','Modi odit earum fugiat veniam.','Esse possimus qui soluta soluta molestiae. Ea alias maxime nihil nulla et consequatur sint. Ea eaque ipsum omnis laboriosam. Pariatur saepe earum atque tempore voluptas.','post','0','2020-12-02 05:04:53','2020-12-02 05:04:53'),(37,5,NULL,'Nobis enim iste cupiditate qui veniam ea.','nobis-enim-iste-cupiditate-qui-veniam-ea','Ut itaque porro tempora quaerat.','Magni cumque molestias earum magni et molestiae. Voluptate excepturi dolor vitae est quis quaerat. Velit et omnis aut voluptatem totam ea. Reiciendis placeat ratione recusandae ut veritatis et.','post','1','2020-12-02 05:04:53','2020-12-02 05:04:53'),(38,1,NULL,'Omnis rerum reprehenderit quidem recusandae id.','omnis-rerum-reprehenderit-quidem-recusandae-id','Enim ea mollitia mollitia et error omnis.','Iusto voluptas explicabo eligendi ipsa aut. Sit atque aperiam maiores cupiditate. Magni ut quisquam impedit itaque culpa.','post','1','2020-12-02 05:04:53','2020-12-02 05:04:53'),(39,3,NULL,'Voluptate voluptas commodi autem et.','voluptate-voluptas-commodi-autem-et','Eos occaecati ex quo repudiandae.','Et architecto ut et quaerat vel. Non similique maxime ut assumenda ea voluptatem fugit.','post','1','2020-12-02 05:04:53','2020-12-02 05:04:53'),(40,4,NULL,'Quia ut consequuntur sint facilis illum rerum.','quia-ut-consequuntur-sint-facilis-illum-rerum','Non nam quam occaecati aut suscipit.','Sed rerum rem nisi impedit eaque qui commodi voluptatem. Reiciendis id sint vel in eaque necessitatibus. Asperiores dolore eligendi aut.','post','1','2020-12-02 05:04:53','2020-12-02 05:04:53'),(41,3,NULL,'Illum eum placeat cum consequatur aliquid eos et.','illum-eum-placeat-cum-consequatur-aliquid-eos-et','Accusantium nisi ut ut architecto facere.','Alias sed voluptatem eum nam aut omnis. Corporis et aut consequatur rerum impedit. Velit facilis qui vel neque omnis quia.','post','1','2020-12-02 05:04:53','2020-12-02 05:04:53'),(42,2,NULL,'Et eos amet quas eos.','et-eos-amet-quas-eos','Optio repellendus voluptatem magni nam sit sed velit.','Est accusantium numquam provident minima assumenda qui. Aliquid aut non quibusdam sit iusto.','post','0','2020-12-02 05:04:53','2020-12-02 05:04:53'),(43,2,NULL,'Aut iste numquam dolorum incidunt reiciendis molestiae labore.','aut-iste-numquam-dolorum-incidunt-reiciendis-molestiae-labore','Rerum nesciunt aperiam facere temporibus alias soluta.','Et quae possimus omnis et cumque possimus. Placeat odio atque laboriosam ea porro eos.','post','1','2020-12-02 05:04:53','2020-12-02 05:04:53'),(44,2,NULL,'Reprehenderit voluptas et cumque dolorem.','reprehenderit-voluptas-et-cumque-dolorem','Ea ipsa commodi soluta qui dolores veritatis.','Voluptates dolores eius deleniti cumque voluptatem maxime. Voluptate doloremque quos at non accusamus sit atque accusamus. Eaque consequatur quisquam voluptatem repellat.','post','1','2020-12-02 05:04:53','2020-12-02 05:04:53'),(45,3,NULL,'Quis quaerat impedit hic velit et ut ducimus.','quis-quaerat-impedit-hic-velit-et-ut-ducimus','Mollitia perspiciatis quaerat labore eum sapiente unde.','Atque aliquid fugit delectus occaecati et blanditiis nostrum sed. Quas voluptatem atque iure. Est aut qui magnam occaecati hic ipsum in aspernatur. Voluptates sunt recusandae nemo pariatur porro eos ducimus dolorem.','post','1','2020-12-02 05:04:53','2020-12-02 05:04:53'),(46,2,NULL,'Non totam molestias perspiciatis beatae delectus et sed.','non-totam-molestias-perspiciatis-beatae-delectus-et-sed','Molestiae est sapiente consequatur molestiae ea maiores.','Recusandae quia necessitatibus dolore asperiores quaerat asperiores. Sit est quo animi numquam. Eos nesciunt beatae et sunt aut ea. Laborum quia porro facere et sunt dolorem corporis.','post','0','2020-12-02 05:04:53','2020-12-02 05:04:53'),(47,5,NULL,'Delectus vitae est eveniet voluptatum et.','delectus-vitae-est-eveniet-voluptatum-et','Quas totam est aut similique modi labore quia.','Vero numquam omnis at molestiae. Rerum culpa sapiente quia ullam tempore ut consectetur. Culpa recusandae ducimus molestiae dolore eveniet reiciendis. Ea ab laboriosam fuga non.','post','0','2020-12-02 05:04:53','2020-12-02 05:04:53'),(48,1,NULL,'Est incidunt eum explicabo explicabo quae.','est-incidunt-eum-explicabo-explicabo-quae','Sit ratione suscipit aut harum at dignissimos.','Tenetur perferendis voluptatem necessitatibus sunt molestias aliquam. Corporis qui earum dolorem commodi provident harum mollitia aut. Repudiandae reiciendis dolorem est sunt iure omnis.','post','0','2020-12-02 05:04:53','2020-12-02 05:04:53'),(49,4,NULL,'Qui hic et soluta blanditiis beatae.','qui-hic-et-soluta-blanditiis-beatae','Quaerat sed perspiciatis et unde quasi non veritatis.','Est minus aut quis quae vel tempora ea dignissimos. Facilis est id delectus et. Laboriosam tempora nihil eos temporibus maiores. Amet enim animi impedit aliquid enim nihil molestias.','post','0','2020-12-02 05:04:53','2020-12-02 05:04:53'),(50,3,NULL,'Aut dolorem quidem animi et accusantium atque omnis et.','aut-dolorem-quidem-animi-et-accusantium-atque-omnis-et','Quia aut harum eos numquam eos in tempora.','Explicabo sint aut dignissimos ut quia cupiditate veniam quia. Qui adipisci suscipit laborum dolor pariatur animi fugiat. Ut laboriosam occaecati mollitia est perferendis.','post','0','2020-12-02 05:04:53','2020-12-02 05:04:53'),(51,4,NULL,'Sint non officiis ratione porro.','sint-non-officiis-ratione-porro','Debitis voluptas fugiat hic nobis aliquam pariatur.','Sed cumque illum rerum libero facilis dolore. Ea asperiores dolorum possimus excepturi minima. Aut ex ipsa nihil possimus fugit nihil quibusdam quo. Laborum voluptas dolorem accusantium fugit fugiat ex.','post','1','2020-12-02 05:04:53','2020-12-02 05:04:53'),(52,5,NULL,'Quia vel est vel atque officiis.','quia-vel-est-vel-atque-officiis','Nulla nostrum et et sunt quasi.','Sequi repudiandae ea omnis ut dicta. Ab cum corrupti maiores similique vel. Perferendis sed dolor soluta. Earum minima nesciunt illo suscipit magnam.','post','0','2020-12-02 05:04:53','2020-12-02 05:04:53'),(53,3,NULL,'Ea qui suscipit minus nam.','ea-qui-suscipit-minus-nam','Ut natus dignissimos ea sed.','Rerum et enim expedita architecto. Autem deserunt sint sed molestias adipisci quasi. Eaque iure aspernatur omnis quia vero repudiandae.','post','1','2020-12-02 05:04:53','2020-12-02 05:04:53'),(54,5,NULL,'Voluptas ad quos dolorum voluptatum sit omnis id.','voluptas-ad-quos-dolorum-voluptatum-sit-omnis-id','Quidem voluptates assumenda voluptas dolorem ullam sequi et.','Nesciunt ad a amet pariatur non. Laboriosam ex nesciunt fuga quia qui minima ea. Ratione quos velit dolores cupiditate.','post','0','2020-12-02 05:04:53','2020-12-02 05:04:53'),(55,1,NULL,'Laudantium nisi impedit velit consequatur pariatur.','laudantium-nisi-impedit-velit-consequatur-pariatur','Sint vitae consequuntur officia aut adipisci ipsum molestiae.','Qui reprehenderit nisi est consequatur. Aut sed accusamus delectus tempora id. Vel sunt ut impedit earum.','post','1','2020-12-02 05:04:53','2020-12-02 05:04:53'),(56,2,NULL,'Maiores aliquid fuga nemo et voluptates.','maiores-aliquid-fuga-nemo-et-voluptates','Consequatur ipsa non non culpa quam rem et.','Mollitia impedit asperiores omnis qui soluta vitae occaecati illo. Impedit omnis totam ut distinctio nemo facilis eum ipsam. Modi ducimus et impedit sed rem possimus. Adipisci inventore ea veniam quae dolorem labore.','post','0','2020-12-02 05:04:53','2020-12-02 05:04:53'),(57,1,NULL,'Consequuntur adipisci omnis minima corporis quia officiis.','consequuntur-adipisci-omnis-minima-corporis-quia-officiis','Quidem ex et aut tenetur dolor.','Possimus tempora consequatur iure omnis quod rem eos. Sint consequatur voluptatum quaerat temporibus quam. Occaecati qui aut pariatur ut.','post','1','2020-12-02 05:04:53','2020-12-02 05:04:53'),(58,2,NULL,'In rerum consequatur qui assumenda nisi.','in-rerum-consequatur-qui-assumenda-nisi','Nesciunt quae quia consequatur assumenda ut quo magni.','Provident unde sunt laboriosam quibusdam. Blanditiis qui est accusantium exercitationem. Illum maiores culpa ut corrupti explicabo magnam neque et.','post','1','2020-12-02 05:04:53','2020-12-02 05:04:53'),(59,2,NULL,'Aliquam perferendis ut officia facere.','aliquam-perferendis-ut-officia-facere','Corporis repudiandae aspernatur laudantium ut sit est temporibus praesentium.','Et quia quis quia id. A maxime doloribus qui nihil iure. Non illum a voluptates quo sapiente.','post','0','2020-12-02 05:04:53','2020-12-02 05:04:53'),(60,4,NULL,'Eum a quis enim commodi consectetur tenetur.','eum-a-quis-enim-commodi-consectetur-tenetur','Quia ipsum accusantium non et.','Cumque quis omnis ab mollitia et dignissimos corporis. Dolor eos repellat modi quisquam. Quam aut molestias sed laudantium libero. Dignissimos aut ullam itaque rerum qui quos distinctio.','post','1','2020-12-02 05:04:53','2020-12-02 05:04:53'),(61,2,NULL,'Vero est porro et qui.','vero-est-porro-et-qui','Aspernatur deleniti voluptas eum accusamus voluptate voluptatum placeat.','Ullam omnis harum quia quae commodi. Corrupti et id reiciendis doloribus et accusamus perferendis blanditiis. Unde aliquam consequatur assumenda quaerat. Reprehenderit ab in corporis ut alias ullam.','post','1','2020-12-02 05:04:53','2020-12-02 05:04:53'),(62,2,NULL,'Eum recusandae non iusto mollitia id.','eum-recusandae-non-iusto-mollitia-id','Et perspiciatis ut eaque sit.','Iusto corporis odio totam similique consequatur et. Excepturi assumenda ut mollitia in. Et deserunt doloremque consequatur qui et veniam magnam. Quasi reprehenderit libero veniam nobis dicta expedita nihil.','post','1','2020-12-02 05:04:53','2020-12-02 05:04:53'),(63,1,NULL,'Libero est nihil dicta recusandae est aliquam.','libero-est-nihil-dicta-recusandae-est-aliquam','Rerum voluptatem enim atque qui.','Alias corporis hic ullam reiciendis qui. Et unde temporibus in debitis. Quod eaque dolorem reprehenderit sit consectetur aut aut qui.','post','0','2020-12-02 05:04:53','2020-12-02 05:04:53'),(64,1,NULL,'Doloremque tenetur exercitationem et deserunt sint aperiam et sed.','doloremque-tenetur-exercitationem-et-deserunt-sint-aperiam-et-sed','Dolorum rerum est molestiae rerum aut doloribus repellat.','Magnam quasi unde fugiat. Quidem consequuntur odit voluptas repellat libero iure tempora voluptate. Consequuntur temporibus ut cupiditate et dolorum iste quia iste. Temporibus tempora deleniti voluptatem in nisi quia soluta. Dolore architecto sit vero qui et et.','post','0','2020-12-02 05:04:53','2020-12-02 05:04:53'),(65,4,NULL,'Recusandae id voluptates sequi voluptates.','recusandae-id-voluptates-sequi-voluptates','Omnis sequi accusamus vero ad possimus est dolore veniam.','Tempore quae ut voluptas sed eos perferendis. Qui corrupti molestiae tempora inventore. Et voluptatem in voluptas eos. Omnis placeat sit amet nobis perspiciatis minima.','post','1','2020-12-02 05:04:53','2020-12-02 05:04:53'),(66,4,NULL,'Maiores animi quibusdam ipsam at incidunt dolor.','maiores-animi-quibusdam-ipsam-at-incidunt-dolor','Amet explicabo necessitatibus distinctio provident eaque esse rerum.','Ratione consequatur voluptatum qui deserunt. Saepe non in et ut officia non sunt. Voluptatem provident velit adipisci sapiente. Porro ipsum eum eos atque quo nam.','post','1','2020-12-02 05:04:53','2020-12-02 05:04:53'),(67,5,NULL,'Vel alias cum eligendi officiis vitae.','vel-alias-cum-eligendi-officiis-vitae','Accusamus qui tempora quod quae deserunt officia voluptatibus.','At natus voluptatem voluptatem aspernatur quod laudantium. Et perspiciatis dolores voluptatibus dolor nobis facere. Quaerat odit sint voluptate aut laboriosam.','post','1','2020-12-02 05:04:53','2020-12-02 05:04:53'),(68,5,NULL,'Voluptate minus consequatur voluptatem.','voluptate-minus-consequatur-voluptatem','Omnis amet architecto laborum a officia qui.','Reiciendis dolores et et numquam qui rem voluptatem. Et et eum eligendi. Accusantium quia aut rerum ad. Sunt dolor qui laboriosam nihil vel maxime repellat voluptatem.','post','1','2020-12-02 05:04:53','2020-12-02 05:04:53'),(69,3,NULL,'Aperiam a sint porro labore.','aperiam-a-sint-porro-labore','Veritatis sit nisi hic corporis maxime.','Occaecati et totam sunt facere. Voluptatem consequatur sit est unde id cum aut. Qui placeat accusantium quas dolor. Consequatur vel est nam expedita ea autem.','post','0','2020-12-02 05:04:53','2020-12-02 05:04:53'),(70,3,NULL,'Quas in illum molestiae aut.','quas-in-illum-molestiae-aut','Labore tempora et enim autem quia iure.','Error aut tempore aut ut modi voluptatem id. Numquam in eligendi qui neque impedit perspiciatis non reiciendis.','post','0','2020-12-02 05:04:53','2020-12-02 05:04:53'),(71,5,NULL,'Et rerum harum dolores aut.','et-rerum-harum-dolores-aut','Facilis ipsa deleniti eos explicabo omnis dicta.','Qui voluptatem est blanditiis quia. Nobis ipsa hic tempore alias. Modi consequatur sit possimus quas. Eius fugiat corporis inventore natus vero occaecati reiciendis.','post','1','2020-12-02 05:04:53','2020-12-02 05:04:53'),(72,3,NULL,'Qui incidunt eligendi eligendi beatae.','qui-incidunt-eligendi-eligendi-beatae','Est fuga minus in possimus dolorum.','Nihil blanditiis consequatur velit culpa excepturi sit. Sed aliquid rerum harum explicabo minima. Odio porro voluptatem rerum incidunt distinctio deserunt voluptatum. Delectus voluptatem molestiae nemo recusandae quia. Ipsum similique sed quisquam.','post','1','2020-12-02 05:04:53','2020-12-02 05:04:53'),(73,5,NULL,'Ratione assumenda sit consectetur ullam.','ratione-assumenda-sit-consectetur-ullam','Quia sit nihil veritatis consequatur.','Aut et quisquam error perferendis tempora quis. Ullam et aut rerum sunt. Porro optio eius voluptates rerum expedita quo odit. At rem maxime nobis.','post','0','2020-12-02 05:04:53','2020-12-02 05:04:53'),(74,5,NULL,'Inventore eligendi unde unde maxime eligendi incidunt.','inventore-eligendi-unde-unde-maxime-eligendi-incidunt','Commodi quod rerum est adipisci ut.','A sequi deserunt sit. Amet amet veritatis corporis voluptatibus ab. Est sequi ut et exercitationem adipisci ut saepe enim. In commodi fugit illo rerum fugiat laudantium.','post','1','2020-12-02 05:04:53','2020-12-02 05:04:53'),(75,1,NULL,'Molestiae numquam repudiandae ut necessitatibus.','molestiae-numquam-repudiandae-ut-necessitatibus','Quos at numquam et.','Similique qui soluta quaerat velit. Ex natus minus nihil ad explicabo ut cumque. Magni expedita voluptatem aut error mollitia qui hic. Aut eum minus vero.','post','0','2020-12-02 05:04:53','2020-12-02 05:04:53'),(76,1,NULL,'Facilis nesciunt impedit dolorem quidem unde quas est.','facilis-nesciunt-impedit-dolorem-quidem-unde-quas-est','Et quod perferendis reiciendis alias est.','Voluptatem temporibus minus cum. Atque sunt quod reprehenderit dolor ut quam dolorem. Molestiae et sunt modi commodi dolores assumenda eum. Libero quaerat omnis qui eos et.','post','0','2020-12-02 05:04:53','2020-12-02 05:04:53'),(77,3,NULL,'Enim nisi id iusto temporibus aut.','enim-nisi-id-iusto-temporibus-aut','Sed cupiditate quasi explicabo at.','Quia nisi qui nisi fuga repellat nesciunt. Aut veniam eveniet voluptatibus temporibus voluptatum eligendi consequatur. Omnis dolorem molestiae est aut.','post','1','2020-12-02 05:04:53','2020-12-02 05:04:53'),(78,4,NULL,'Blanditiis voluptatem ad ullam voluptas nihil et.','blanditiis-voluptatem-ad-ullam-voluptas-nihil-et','In molestiae est quam.','Maxime minima eius reiciendis et est doloribus cum placeat. Rem veritatis eaque dolores laborum ut consectetur consequatur ipsam. Neque voluptatem qui quia sapiente.','post','1','2020-12-02 05:04:53','2020-12-02 05:04:53'),(79,3,NULL,'Consequatur repellat suscipit dolor commodi et explicabo.','consequatur-repellat-suscipit-dolor-commodi-et-explicabo','Facere illum natus itaque ut vel.','Nobis et aut quam beatae facilis placeat quibusdam hic. Nisi amet quis repellat voluptatum nesciunt consequatur et saepe. Iste magnam est qui sequi velit aut nulla.','post','0','2020-12-02 05:04:53','2020-12-02 05:04:53'),(80,2,NULL,'Quis et illum sed animi explicabo.','quis-et-illum-sed-animi-explicabo','Quos et vero quia doloribus.','Omnis doloremque ea minima vel. Asperiores sed pariatur laboriosam facere est. Voluptatem ut quod odit quae accusamus.','post','1','2020-12-02 05:04:53','2020-12-02 05:04:53'),(81,1,NULL,'Totam eligendi alias soluta tenetur repellendus ut nostrum temporibus.','totam-eligendi-alias-soluta-tenetur-repellendus-ut-nostrum-temporibus','Id sed nostrum quia dignissimos.','Labore fugiat qui corporis et. Velit ullam consequuntur in nam. Corporis eos doloremque et placeat sequi sapiente nesciunt. Quaerat alias dignissimos officiis beatae veritatis porro iste.','post','0','2020-12-02 05:04:53','2020-12-02 05:04:53'),(82,1,NULL,'Facilis ut repellat esse ad.','facilis-ut-repellat-esse-ad','Modi quia vitae consequatur rerum culpa.','Rerum distinctio animi est possimus et. Aliquid esse dolorem repudiandae delectus et.','post','0','2020-12-02 05:04:53','2020-12-02 05:04:53'),(83,3,NULL,'Corporis quia quidem ipsum in.','corporis-quia-quidem-ipsum-in','Optio quisquam optio dolorem omnis ut deleniti.','Incidunt et tempore aut assumenda vel dolore nisi. Ut a dolores dolore ea repudiandae dolorem dolores amet. Impedit architecto sit qui earum.','post','0','2020-12-02 05:04:53','2020-12-02 05:04:53'),(84,5,NULL,'Itaque rerum est sint ea porro omnis.','itaque-rerum-est-sint-ea-porro-omnis','Ipsam molestiae fugiat vel minima quo velit.','Dolorem optio alias sed dolor laudantium culpa ut cumque. Sint nisi est et nihil architecto. Aut molestiae quaerat quos ut. Temporibus maiores rem maiores ut possimus tempora.','post','0','2020-12-02 05:04:53','2020-12-02 05:04:53'),(85,1,NULL,'Aliquid enim et dolore facilis dolores qui.','aliquid-enim-et-dolore-facilis-dolores-qui','Molestias quia non nisi quas veniam maxime cum.','Aliquam natus iste nisi hic provident et amet. Ullam placeat pariatur ut ut dolorum deleniti dolorem. Voluptate sed aliquam ex fugiat voluptatem quis dolores quod.','post','1','2020-12-02 05:04:53','2020-12-02 05:04:53'),(86,5,NULL,'Et tenetur recusandae nostrum maxime molestias porro.','et-tenetur-recusandae-nostrum-maxime-molestias-porro','Quis minima aut nobis fugiat.','Eveniet aut voluptas recusandae. Quo quod repellat in culpa quis asperiores voluptatem. Voluptate accusamus rem impedit placeat et quam.','post','1','2020-12-02 05:04:53','2020-12-02 05:04:53'),(87,4,NULL,'Occaecati impedit quam consectetur commodi.','occaecati-impedit-quam-consectetur-commodi','Aliquam numquam expedita modi ut vero qui eos.','Aut ut omnis est ab eveniet. Blanditiis voluptas est possimus aliquam neque. Perspiciatis dolores nam error adipisci nesciunt. Earum aut ea ut odit sed odit et in. Laudantium error et et quia pariatur eaque enim.','post','0','2020-12-02 05:04:53','2020-12-02 05:04:53'),(88,4,NULL,'Voluptatem ducimus eos saepe incidunt at dolorem mollitia.','voluptatem-ducimus-eos-saepe-incidunt-at-dolorem-mollitia','Non sapiente et doloremque quis ab porro ea.','Nihil quisquam blanditiis eius nostrum est enim vero. Quia similique cum eum ut ut officia voluptas itaque. Qui mollitia cumque dolor perferendis. Non odit quia est reiciendis. Doloribus occaecati repudiandae sit est.','post','0','2020-12-02 05:04:53','2020-12-02 05:04:53'),(89,5,NULL,'Et fugit numquam dolores repellat non.','et-fugit-numquam-dolores-repellat-non','Maiores tempore dolor sit non.','Quos est architecto et ad officiis repellat sed. Ipsam accusantium sint eligendi doloremque sunt eligendi. Quos ea ipsa quibusdam incidunt enim. Qui quo adipisci ut voluptatem voluptatem est omnis. Veritatis qui et non enim suscipit non.','post','0','2020-12-02 05:04:53','2020-12-02 05:04:53'),(90,4,NULL,'Voluptas animi ullam a officia iusto.','voluptas-animi-ullam-a-officia-iusto','Quas nulla odit qui ut alias ab qui.','Odit aliquid fuga enim et facilis voluptates earum. Unde ex optio molestiae ducimus est consequatur sit illum. Illo illo mollitia sint animi quibusdam deserunt non.','post','1','2020-12-02 05:04:53','2020-12-02 05:04:53'),(91,4,NULL,'Ipsa aut aliquid nihil maiores omnis.','ipsa-aut-aliquid-nihil-maiores-omnis','Odit hic corporis omnis.','Asperiores reiciendis eum non recusandae corporis blanditiis magnam. Quaerat quas dolor dicta temporibus praesentium necessitatibus. Est exercitationem fugit sit libero veniam.','post','0','2020-12-02 05:04:53','2020-12-02 05:04:53'),(92,5,NULL,'Repellat est est nisi dolor accusantium quia voluptatem.','repellat-est-est-nisi-dolor-accusantium-quia-voluptatem','Autem repudiandae dolores consequatur vero vel numquam ea at.','Velit asperiores est eos qui autem ea tempore. Non repellendus ipsam ipsa. Quis officia nesciunt vel ducimus vero sequi. Minima consequatur eum a vitae quisquam.','post','1','2020-12-02 05:04:53','2020-12-02 05:04:53'),(93,2,NULL,'Et officiis non voluptatem voluptate commodi laudantium voluptatem.','et-officiis-non-voluptatem-voluptate-commodi-laudantium-voluptatem','Deserunt cupiditate sunt sed doloribus aliquid ut ex.','Sit nemo ut inventore reiciendis. Amet ut ullam aut exercitationem dolorem. Enim autem quasi officia molestiae ipsa. Neque ullam nulla ducimus necessitatibus aut in est enim. Porro sint vel quos nostrum et odit minima hic.','post','0','2020-12-02 05:04:53','2020-12-02 05:04:53'),(94,2,NULL,'Iusto voluptatem veniam modi unde.','iusto-voluptatem-veniam-modi-unde','Beatae qui earum sed dolor suscipit.','Beatae animi enim nam. Saepe saepe odio magnam rem consectetur. Rerum veritatis laborum est. Consequatur ipsam vero et facere rem quaerat.','post','0','2020-12-02 05:04:53','2020-12-02 05:04:53'),(95,3,NULL,'Vel magnam praesentium aut.','vel-magnam-praesentium-aut','Officia aspernatur ut architecto et distinctio autem.','Illum voluptatem dolor porro laborum aut. Quam eius ex dolor temporibus. Dolores aliquam consequatur omnis sapiente eligendi.','post','1','2020-12-02 05:04:53','2020-12-02 05:04:53'),(96,5,NULL,'Dolorem voluptatem consequatur dolor ut nesciunt libero aspernatur.','dolorem-voluptatem-consequatur-dolor-ut-nesciunt-libero-aspernatur','Quia aspernatur ut iusto quos.','Accusantium sed quisquam beatae. Natus odio non quis doloremque necessitatibus ab sed. Suscipit eum sit velit eum tenetur inventore quia. Nam voluptatem quaerat quis est iste repellendus quia.','post','0','2020-12-02 05:04:53','2020-12-02 05:04:53'),(97,1,'asdf','Sit quisquam eius inventore nihil fuga saepe.','sit-quisquam-eius-inventore-nihil-fuga-saepe','Sint ipsum et ut minus quia.','<p>Et ab sequi dolor doloremque consequatur eum hic suscipit. Laudantium numquam aperiam repudiandae accusantium nesciunt ut. Eveniet molestiae cumque itaque dolores libero eum doloremque. Repellendus nisi totam tempore aut.</p>','post','1','2020-12-02 05:04:53','2020-12-05 04:50:17'),(98,3,NULL,'Ut est consequatur qui laborum.','ut-est-consequatur-qui-laborum','Repellat corrupti placeat nihil ducimus fugit.','Assumenda aut provident earum itaque sequi quam. Quia explicabo excepturi natus possimus deserunt et qui. Iure accusantium id eum et. Veritatis aut odit harum harum magnam aut explicabo.','post','0','2020-12-02 05:04:53','2020-12-02 05:04:53'),(99,1,NULL,'Omnis explicabo at eveniet earum officiis eos natus voluptatem.','omnis-explicabo-at-eveniet-earum-officiis-eos-natus-voluptatem','Voluptatem rem voluptatem ut voluptate.','Adipisci soluta est veniam facere iusto exercitationem rerum rerum. Molestias consectetur neque saepe eligendi molestiae nesciunt. Dignissimos molestias dicta ducimus laborum alias omnis quia temporibus. Magni aut excepturi consequatur. Eaque sint ea nisi magnam earum quam.','post','1','2020-12-02 05:04:53','2020-12-02 05:04:53'),(100,3,NULL,'Natus sint aut impedit.','natus-sint-aut-impedit','Reiciendis non eum harum qui.','Labore eos repudiandae commodi omnis fugit voluptas error. Quae et eum eveniet eum et eligendi. Omnis laborum ut iure doloribus quia temporibus eum explicabo.','post','0','2020-12-02 05:04:53','2020-12-02 05:04:53'),(101,1,'test','Test','test','ddd','<p>Assalomu Alaykum</p>','post','1','2020-12-04 23:25:27','2020-12-04 23:25:27'),(102,1,'test2','Test 1','test-1','ddd','<p>Assalomu Alaykum</p>','post','1','2020-12-04 23:26:48','2020-12-04 23:26:48'),(104,1,'Test4','Test 4','test-4','ddd','<p>    </p>\r\n\r\n<p>  &nbsp;4 ,  &nbsp;           &nbsp;  .</p>\r\n\r\n<p><img alt=\"\" src=\"https://storage.kun.uz/source/6/HL9oaktWA0WNf424It3SEyV1VxsNXy4h.jpg\" style=\"height:533px; width:800px\" /></p>\r\n\r\n<p>           &laquo; &raquo;  .</p>\r\n\r\n<p>   2017    .  2018     ,    .  ,   ,           .</p>\r\n\r\n<p>       ,     .</p>\r\n\r\n<blockquote>\r\n<p>&laquo;   ,  ,    ,            .             -    &raquo;, &ndash;  .</p>\r\n\r\n<p><img alt=\"\" src=\"https://storage.kun.uz/source/6/1msDJQhw8TTkqvD3vj_II1nBW6ziot_3.jpg\" style=\"height:526px; width:800px\" /></p>\r\n</blockquote>','post','1','2020-12-05 00:17:15','2020-12-05 00:17:15'),(105,3,NULL,'Quia eveniet est magnam eligendi nesciunt harum non.','quia-eveniet-est-magnam-eligendi-nesciunt-harum-non','Omnis dolorem accusamus consequatur qui quia.','Commodi deleniti dolore dolor aut voluptas adipisci consequuntur. In voluptas sed provident cumque id. Aliquid quibusdam sed ea ex eos aliquid beatae. Iure ab eum aut eum.','post','0','2020-12-05 00:30:22','2020-12-05 00:30:22'),(106,3,NULL,'Illum quos ipsa sunt et et.','illum-quos-ipsa-sunt-et-et','Porro delectus dolor et tempore sunt officia.','Quaerat ea a laudantium ex rem excepturi libero. Non dolores autem cum ex dolores sit asperiores. Culpa fugiat quibusdam qui earum reprehenderit nesciunt.','post','0','2020-12-05 00:30:22','2020-12-05 00:30:22'),(107,5,NULL,'Nihil nesciunt ut et quas.','nihil-nesciunt-ut-et-quas','Veritatis voluptatem omnis deserunt at sint aut quaerat.','Odio sapiente omnis qui vel. Possimus nulla tenetur ut. Explicabo praesentium quod et accusantium.','post','1','2020-12-05 00:30:22','2020-12-05 00:30:22'),(108,1,'http://laravel_blog.lo/storage/galleries/2020-10-26_16-28_Introduction to vuex in_1607229018.jpg','About Me','about-me','I\'m a Software Developer. Sherozjon Karimov','<p>Assalomu Alaykum Hurmatli Saytimiz Mehmoni.</p>','page','1','2020-12-06 00:59:41','2020-12-06 08:02:43'),(110,1,'asdf','oxirgi','oxirgi','asdf','<p><img alt=\"Assalom\" src=\"https://media.gettyimages.com/photos/young-man-at-sunset-picture-id496261146?s=612x612\" style=\"border-style:solid; border-width:4px; height:409px; margin:4px; width:612px\" /></p>','post','1','2020-12-07 09:48:05','2020-12-07 09:48:05'),(111,1,'ahsdkjlfhas','Asliddin','asliddin','Kun.uz','<p><strong>          </strong></p>\r\n\r\n<p><strong>25  2       ,      26   31   ,     45  40     .</strong></p>\r\n\r\n<p><img src=\"https://storage.kun.uz/source/6/yRQHffpGJR9qH_p47q3-q5cRc0LTA3fS.jpg\" /></p>\r\n\r\n<p>           .   Telegram&#39;   &laquo;-  &raquo; &nbsp;<a href=\"https://t.me/ifttt2030\" target=\"_blank\"> </a>.</p>\r\n\r\n<p>  ,       ,        &nbsp;<strong> ,       </strong>&nbsp; .</p>\r\n\r\n<blockquote>\r\n<p>&laquo;  , ,    -          ,                 .</p>\r\n\r\n<p>&nbsp;<strong>10 </strong>&nbsp;      ,  &nbsp;<strong>3 </strong>&nbsp;  <strong>&nbsp;   </strong>&nbsp; ,    , ,   &nbsp;<strong>  </strong>,       , &nbsp;<strong>    &nbsp;</strong> - &nbsp;<strong>  -     &nbsp;</strong>    ,   -       , ,      &nbsp;<strong>80&ndash;100  </strong>&nbsp;   &nbsp;<strong>&nbsp;</strong>&raquo;, &ndash;    .</p>\r\n</blockquote>\r\n\r\n<p>     :</p>\r\n\r\n<ul>\r\n	<li>   2    26 ,   25   31   ;</li>\r\n	<li>   4&ndash;9 , 28 &ndash;10 , 21&ndash;27      25  2     ;</li>\r\n	<li>          11&ndash;25           ;</li>\r\n	<li>2-  3&ndash;  4-       , 1&ndash;  3-      2&ndash;  4-                 .</li>\r\n</ul>\r\n\r\n<p> ,        ; ,        .</p>\r\n\r\n<blockquote>\r\n<p><em>&laquo;  &ndash;        .</em></p>\r\n\r\n<p><em>              ,    &raquo;,</em>&nbsp;&ndash;    .</p>\r\n</blockquote>\r\n\r\n<p> , ,          , ,  - ,              2-3          &ndash;&nbsp;<strong>45 </strong>&nbsp; .  , , ,     .</p>','post','1','2020-12-07 23:34:00','2020-12-07 23:34:57');
/*!40000 ALTER TABLE `posts` ENABLE KEYS */;
UNLOCK TABLES;

--
-- Table structure for table `users`
--

DROP TABLE IF EXISTS `users`;
/*!40101 SET @saved_cs_client     = @@character_set_client */;
/*!50503 SET character_set_client = utf8mb4 */;
CREATE TABLE `users` (
  `id` bigint unsigned NOT NULL AUTO_INCREMENT,
  `name` varchar(255) CHARACTER SET utf8mb4 COLLATE utf8mb4_unicode_ci NOT NULL,
  `email` varchar(255) CHARACTER SET utf8mb4 COLLATE utf8mb4_unicode_ci NOT NULL,
  `email_verified_at` timestamp NULL DEFAULT NULL,
  `password` varchar(255) CHARACTER SET utf8mb4 COLLATE utf8mb4_unicode_ci NOT NULL,
  `remember_token` varchar(100) CHARACTER SET utf8mb4 COLLATE utf8mb4_unicode_ci DEFAULT NULL,
  `created_at` timestamp NULL DEFAULT NULL,
  `updated_at` timestamp NULL DEFAULT NULL,
  PRIMARY KEY (`id`),
  UNIQUE KEY `users_email_unique` (`email`)
) ENGINE=InnoDB AUTO_INCREMENT=6 DEFAULT CHARSET=utf8mb4 COLLATE=utf8mb4_unicode_ci;
/*!40101 SET character_set_client = @saved_cs_client */;

--
-- Dumping data for table `users`
--

LOCK TABLES `users` WRITE;
/*!40000 ALTER TABLE `users` DISABLE KEYS */;
INSERT INTO `users` VALUES (1,'Vern Hirthe','klubowitz@example.com','2020-12-02 05:04:42','$2y$10$t8kXLpAnTwCGbt4zJBlPIuptIe4iBWL3FfFoJ75fNkJ160B3eptAG','Y1tnje79DChEavL0dJoF6VLVlyH7NynPpf6ptIjzihN2jtouXGLS4j2Aq0rv','2020-12-02 05:04:43','2020-12-02 05:04:43'),(2,'Wilson Bruen','harber.jacynthe@example.org','2020-12-02 05:04:42','$2y$10$63JTt3Vgmwl9yO/wd6Ovj.Dk9Ji5pLGZWCh4D4w6q618hhu4zd8.u','yD23Semu7o','2020-12-02 05:04:43','2020-12-02 05:04:43'),(3,'Carlie Ziemann','aletha00@example.com','2020-12-02 05:04:42','$2y$10$dHTfHSs63t80XO2T5/hC4Ofbpxegwq7lxGFW8kazj8o7l07fZy92m','LWAeP0ayr3','2020-12-02 05:04:43','2020-12-02 05:04:43'),(4,'Brett Goldner','halle.brown@example.org','2020-12-02 05:04:42','$2y$10$fkYHdJS7IT7fIK3mtkLRwOT25H1FdteA4WQjLCia5ZkIUxKAouFWK','I0q3LNohrP','2020-12-02 05:04:43','2020-12-02 05:04:43'),(5,'Ivy Jacobs','sammie.feil@example.net','2020-12-02 05:04:43','$2y$10$TXUq7MWK7DhV58qnB3VHt.G28B857dgvtRkIGhYwLyRDOgziR4Gjm','E8M89KfOAU','2020-12-02 05:04:43','2020-12-02 05:04:43');
/*!40000 ALTER TABLE `users` ENABLE KEYS */;
UNLOCK TABLES;
/*!40103 SET TIME_ZONE=@OLD_TIME_ZONE */;

/*!40101 SET SQL_MODE=@OLD_SQL_MODE */;
/*!40014 SET FOREIGN_KEY_CHECKS=@OLD_FOREIGN_KEY_CHECKS */;
/*!40014 SET UNIQUE_CHECKS=@OLD_UNIQUE_CHECKS */;
/*!40101 SET CHARACTER_SET_CLIENT=@OLD_CHARACTER_SET_CLIENT */;
/*!40101 SET CHARACTER_SET_RESULTS=@OLD_CHARACTER_SET_RESULTS */;
/*!40101 SET COLLATION_CONNECTION=@OLD_COLLATION_CONNECTION */;
/*!40111 SET SQL_NOTES=@OLD_SQL_NOTES */;

-- Dump completed on 2021-04-05 15:11:38
